Entry,Part,Title,First author,Journal,Year,Article type,DOI,PubMed URL,DOI URL,Free full text (PMC),Focus,Link to Mediterranean diet
1.1,Part 1,Ulcerative colitis,Le Berre C et al.,Lancet,2023,Review,10.1016/S0140-6736(23)00966-2,https://pubmed.ncbi.nlm.nih.gov/37573077/,https://doi.org/10.1016/S0140-6736(23)00966-2,,"Authoritative Lancet seminar on UC: epidemiology, pathogenesis (genetics, barrier, microbiome, immunity), diagnosis and the full treatment ladder from 5-ASA to JAK inhibitors and S1P modulators. Key message: despite more drugs, 10-20% of patients still need colectomy, so combination therapy and precision medicine are seen as the way past the 'therapeutic ceiling'.",
1.2,Part 1,Crohn's disease,Dolinger M et al.,Lancet,2024,Review,10.1016/S0140-6736(23)02586-2,https://pubmed.ncbi.nlm.nih.gov/38437854/,https://doi.org/10.1016/S0140-6736(23)02586-2,,"Lancet seminar on CD describing the shift to early effective advanced therapy, treat-to-target monitoring and deeper targets (histological/transmural healing). It explicitly names future combinations of advanced therapies with diet as a direction.","Names diet-plus-drug combination as a future strategy for CD, which is the space where the Mediterranean diet could fit."
1.3,Part 1,The four epidemiological stages in the global evolution of inflammatory bowel disease,Kaplan GG et al.,Nat Rev Gastroenterol Hepatol,2020,Review,10.1038/s41575-020-00360-x,https://pubmed.ncbi.nlm.nih.gov/33033392/,https://doi.org/10.1038/s41575-020-00360-x,https://pmc.ncbi.nlm.nih.gov/articles/PMC7542092/,"Influential framework describing four epidemiological stages of IBD (Emergence, Acceleration in Incidence, Compounding Prevalence, Prevalence Equilibrium). Explains why IBD is now rising quickly in newly industrialised countries in Asia, Latin America and the Middle East.","Links the global rise of IBD to westernisation, including dietary change away from traditional patterns."
1.4,Part 1,Temporal Trends and Socio-Demographic Disparities in Inflammatory Bowel Disease: Insights from the Global Burden of Disease Study 2021,Chen Y et al.,Dig Dis Sci,2026,Journal article,10.1007/s10620-026-10221-3,https://pubmed.ncbi.nlm.nih.gov/42668343/,https://doi.org/10.1007/s10620-026-10221-3,,"Global Burden of Disease 2021 analysis (204 countries, 1990-2021, projections to 2040). Highest burden in high-SDI regions (Australasia, North America, Western Europe); incidence rising and inequalities widening, while mortality/DALYs fall.",
1.5,Part 1,A disease-associated gene desert directs macrophage inflammation through ETS2,Stankey CT et al.,Nature,2024,Journal article,10.1038/s41586-024-07501-1,https://pubmed.ncbi.nlm.nih.gov/38839969/,https://doi.org/10.1038/s41586-024-07501-1,https://pmc.ncbi.nlm.nih.gov/articles/PMC11168933/,"Major 2024 Nature discovery: a disease-associated 'gene desert' on chr21q22 controls macrophage inflammation via the transcription factor ETS2. ETS2 switches on many current drug targets at once (e.g. TNF, IL-23), and the authors identify existing drug classes (MEK inhibitors, per the full paper) that dampen this pathway, which makes it a new therapeutic target.",
1.6,Part 1,The Role of ETS2 in Macrophage Inflammation,Stankey CT et al.,DNA Cell Biol,2025,Review,10.1089/dna.2025.0064,https://pubmed.ncbi.nlm.nih.gov/40227609/,https://doi.org/10.1089/dna.2025.0064,https://pmc.ncbi.nlm.nih.gov/articles/PMC7618055/,"Follow-up review by the ETS2 discoverers explaining why ETS2 is a 'master regulator' (it drives TNF, IL-23, IL-1β and TL1A signalling) and what hurdles exist to drugging it. It shows how genetics is now pointing to targets above the level of single cytokines.",
1.7,Part 1,Environmental risk factors of inflammatory bowel disease: toward a strategy of preventative health,Chhibba T et al.,J Crohns Colitis,2025,Review,10.1093/ecco-jcc/jjaf042,https://pubmed.ncbi.nlm.nih.gov/40065502/,https://doi.org/10.1093/ecco-jcc/jjaf042,https://pmc.ncbi.nlm.nih.gov/articles/PMC12010164/,"Review of 79 meta-analyses on modifiable environmental risk factors. Risk: smoking, Western diet, ultra-processed foods, early-life antibiotics. Protective: breastfeeding, Mediterranean-type diets rich in fibre, plant foods and fish, physical activity. It frames IBD as partly preventable.","Lists the Mediterranean diet among the protective, modifiable factors and calls for prevention trials."
1.8,Part 1,Serum Biomarkers Identify Patients Who Will Develop Inflammatory Bowel Diseases Up to 5 Years Before Diagnosis,Torres J et al.,Gastroenterology,2020,Journal article,10.1053/j.gastro.2020.03.007,https://pubmed.ncbi.nlm.nih.gov/32165208/,https://doi.org/10.1053/j.gastro.2020.03.007,,"PREDICTS study using archived serum from 200 people later diagnosed with CD and 199 with UC. A panel of antibodies and proteins predicted CD up to 5 years before diagnosis with high accuracy, but did not predict UC. This is the basis of the 'pre-clinical IBD' concept and of prevention trials, including dietary ones.",
2.1,Part 2,STRIDE-II: An Update on the Selecting Therapeutic Targets in Inflammatory Bowel Disease (STRIDE) Initiative of the International Organization for the Study of IBD (IOIBD): Determining Therapeutic Goals for Treat-to-Target strategies in IBD,Turner D et al.,Gastroenterology,2021,Systematic Review,10.1053/j.gastro.2020.12.031,https://pubmed.ncbi.nlm.nih.gov/33359090/,https://doi.org/10.1053/j.gastro.2020.12.031,,"STRIDE-II (IOIBD) sets the treat-to-target goals used worldwide. Short-term: symptom response and normalised CRP/calprotectin. Long-term: clinical remission, endoscopic healing, restored quality of life and absence of disability; in children, normal growth. Transmural healing (CD) and histological healing (UC) are not formal targets but measure the depth of remission.",
2.2,Part 2,"A biomarker-stratified comparison of top-down versus accelerated step-up treatment strategies for patients with newly diagnosed Crohn's disease (PROFILE): a multicentre, open-label randomised controlled trial",Noor NM et al.,Lancet Gastroenterol Hepatol,2024,Randomized Controlled Trial; Multicenter Study,10.1016/S2468-1253(24)00034-7,https://pubmed.ncbi.nlm.nih.gov/38402895/,https://doi.org/10.1016/S2468-1253(24)00034-7,https://pmc.ncbi.nlm.nih.gov/articles/PMC11001594/,"PROFILE RCT (386 newly diagnosed CD patients). Top-down infliximab plus immunomodulator from diagnosis gave 79% sustained steroid- and surgery-free remission at week 48, against 15% with accelerated step-up. The biomarker (PredictSURE) did not identify who benefits. Landmark evidence for treating early.",
2.3,Part 2,Long-term outcomes of top-down therapy versus a conventional step-up strategy in adults newly diagnosed with Crohn's disease: 5-year follow-up of the PROFILE trial,Noor NM et al.,Lancet Gastroenterol Hepatol,2026,Multicenter Study; Randomized Controlled Trial; Comparative Study,10.1016/S2468-1253(26)00192-5,https://pubmed.ncbi.nlm.nih.gov/42721994/,https://doi.org/10.1016/S2468-1253(26)00192-5,,"PROFILE 5-year follow-up. Disease progression occurred in 17% of patients started on step-up against 7% on top-down (aHR 2.46), with no difference in serious infections or cancers. Authors suggest a disease-modifying effect of early anti-TNF.",
2.4,Part 2,"Anti-tumor necrosis factor treatment from diagnosis is more effective and less costly than conventional ""step-up"" care for patients with active Crohn's disease: a cost-effectiveness analysis from the PROFILE trial",Noor NM et al.,J Crohns Colitis,2025,Journal article,10.1093/ecco-jcc/jjaf150,https://pubmed.ncbi.nlm.nih.gov/41125135/,https://doi.org/10.1093/ecco-jcc/jjaf150,https://pmc.ncbi.nlm.nih.gov/articles/PMC12543358/,Health-economic analysis of PROFILE: top-down anti-TNF from diagnosis was both more effective and cheaper over 5 years (dominant in 98.7% of simulations).,
2.5,Part 2,AGA Living Clinical Practice Guideline on Pharmacological Management of Moderate-to-Severe Ulcerative Colitis,Singh S et al.,Gastroenterology,2024,Practice Guideline,10.1053/j.gastro.2024.10.001,https://pubmed.ncbi.nlm.nih.gov/39572132/,https://doi.org/10.1053/j.gastro.2024.10.001,https://pmc.ncbi.nlm.nih.gov/articles/PMC12162142/,"AGA 2024 living guideline for moderate-to-severe UC (14 recommendations). Recommends many advanced therapies (infliximab, golimumab, vedolizumab, tofacitinib, upadacitinib, ustekinumab, ozanimod, etrasimod, risankizumab, guselkumab; and suggests adalimumab, filgotinib, mirikizumab). Positions them by prior advanced-therapy exposure and suggests early advanced and/or immunomodulator therapy over gradual step-up after 5-ASA failure.",
2.6,Part 2,Comparative Efficacy of Advanced Therapies for Management of Moderate-to-Severe Ulcerative Colitis: 2024 American Gastroenterological Association Evidence Synthesis,Ananthakrishnan AN et al.,Gastroenterology,2024,Systematic Review; Comparative Study; Network Meta-Analysis,10.1053/j.gastro.2024.07.046,https://pubmed.ncbi.nlm.nih.gov/39425738/,https://doi.org/10.1053/j.gastro.2024.07.046,https://pmc.ncbi.nlm.nih.gov/articles/PMC12148344/,"Network meta-analysis underpinning the AGA UC guideline: ranks drugs for biologic-naive and biologic-exposed patients. Upadacitinib, tofacitinib and ustekinumab ranked highest after prior biologic exposure.",
2.7,Part 2,AGA Living Clinical Practice Guideline on the Pharmacologic Management of Moderate-to-Severe Crohn's Disease,Scott FI et al.,Gastroenterology,2025,Practice Guideline,10.1053/j.gastro.2025.09.038,https://pubmed.ncbi.nlm.nih.gov/41274746/,https://doi.org/10.1053/j.gastro.2025.09.038,https://pmc.ncbi.nlm.nih.gov/articles/PMC13218589/,"AGA 2025 living guideline for moderate-to-severe CD (16 recommendations). For advanced-therapy-naive patients it suggests 'higher-efficacy' agents (infliximab, adalimumab, vedolizumab, ustekinumab, risankizumab, mirikizumab, guselkumab). It prefers infliximab plus thiopurine combination, and recommends starting advanced therapy early instead of step therapy.",
2.8,Part 2,Comparative Efficacy of Advanced Therapies for Management of Moderate-to-Severe Crohn's Disease: 2025 AGA Evidence Synthesis,Singh S et al.,Gastroenterology,2025,Systematic Review; Comparative Study; Network Meta-Analysis,10.1053/j.gastro.2025.08.032,https://pubmed.ncbi.nlm.nih.gov/41114682/,https://doi.org/10.1053/j.gastro.2025.08.032,https://pmc.ncbi.nlm.nih.gov/articles/PMC12614769/,Updated network meta-analysis for the AGA CD guideline. Moderate-certainty evidence favours risankizumab and guselkumab over vedolizumab and ustekinumab among active comparators.,
2.9,Part 2,ECCO Guidelines on Therapeutics in Crohn's Disease: Medical Treatment,Gordon H et al.,J Crohns Colitis,2024,Practice Guideline,10.1093/ecco-jcc/jjae091,https://pubmed.ncbi.nlm.nih.gov/38877997/,https://doi.org/10.1093/ecco-jcc/jjae091,,"ECCO 2024 guideline on medical therapy of CD, the European reference for induction and maintenance with conventional and advanced therapies. (PubMed lists no abstract; open the DOI for the full recommendations.)",
2.10,Part 2,ECCO Guidelines on Therapeutics in Ulcerative Colitis: Medical Treatment,Gisbert JP et al.,J Crohns Colitis,2026,Journal article,10.1093/ecco-jcc/jjag066,https://pubmed.ncbi.nlm.nih.gov/42413123/,https://doi.org/10.1093/ecco-jcc/jjag066,,"Newest ECCO guideline on medical treatment of UC (2026), the current European reference for UC drug therapy. (PubMed lists no abstract; open the DOI for the full recommendations.)",
2.11,Part 2,ECCO-ESGAR-ESP-IBUS Guideline on Diagnostics and Monitoring of Patients with Inflammatory Bowel Disease: Part 1,Kucharzik T et al.,J Crohns Colitis,2025,Practice Guideline,10.1093/ecco-jcc/jjaf106,https://pubmed.ncbi.nlm.nih.gov/40741688/,https://doi.org/10.1093/ecco-jcc/jjaf106,,"Joint ECCO-ESGAR-ESP-IBUS 2025 guideline on how to diagnose and monitor IBD: endoscopy, intestinal ultrasound, MRI, histology, biomarkers, and special situations (pregnancy, post-operative, cancer surveillance).",
2.12,Part 2,Management of pediatric Crohn's disease: an ECCO-ESPGHAN guideline update,Shouval DS et al.,J Crohns Colitis,2026,Practice Guideline; Systematic Review,10.1093/ecco-jcc/jjag084,https://pubmed.ncbi.nlm.nih.gov/42618885/,https://doi.org/10.1093/ecco-jcc/jjag084,,"2026 ECCO-ESPGHAN paediatric CD guideline. Exclusive enteral nutrition (EEN) or the CD Exclusion Diet with partial enteral nutrition are preferred induction options. Targets are endoscopic remission, normal growth and less bowel damage.",Paediatric guidelines now put dietary therapy (EEN/CDED) first-line for inducing remission in CD.
2.13,Part 2,EFFICACY AND SAFETY OF ADVANCED THERAPIES AS INDUCTION THERAPY FOR ULCERATIVE COLITIS: AN UPDATED SYSTEMATIC REVIEW AND NETWORK META-ANALYSIS,Olivera PA et al.,Clin Gastroenterol Hepatol,2026,Review,10.1016/j.cgh.2026.09.038,https://pubmed.ncbi.nlm.nih.gov/42838315/,https://doi.org/10.1016/j.cgh.2026.09.038,,"2026 network meta-analysis of advanced therapies for UC induction. Upadacitinib is most effective overall; obefazimod and SC guselkumab rank highly in therapy-naive patients; anti-p19 drugs (risankizumab, guselkumab, mirikizumab) have the most favourable safety profile.",
3.1,Part 3,Risankizumab as induction therapy for Crohn's disease: results from the phase 3 ADVANCE and MOTIVATE induction trials,D'Haens G et al.,Lancet,2022,Randomized Controlled Trial,10.1016/S0140-6736(22)00467-6,https://pubmed.ncbi.nlm.nih.gov/35644154/,https://doi.org/10.1016/S0140-6736(22)00467-6,,"ADVANCE and MOTIVATE, phase 3 IV induction in CD. Risankizumab 600 mg gave CDAI remission of 45% against 25% for placebo, and endoscopic response of 40% against 12% at week 12 (ADVANCE). Both doses met all co-primary endpoints in both trials.",
3.2,Part 3,"Risankizumab as maintenance therapy for moderately to severely active Crohn's disease: results from the multicentre, randomised, double-blind, placebo-controlled, withdrawal phase 3 FORTIFY maintenance trial",Ferrante M et al.,Lancet,2022,"Clinical Trial, Phase III; Multicenter Study; Randomized Controlled Trial",10.1016/S0140-6736(22)00466-4,https://pubmed.ncbi.nlm.nih.gov/35644155/,https://doi.org/10.1016/S0140-6736(22)00466-4,,"FORTIFY maintenance in CD. SC risankizumab 360 mg every 8 weeks gave CDAI remission of 52% against 41% on withdrawal, and endoscopic response of 47% against 22% at week 52.",
3.3,Part 3,Risankizumab for Ulcerative Colitis: Two Randomized Clinical Trials,Louis E et al.,JAMA,2024,"Clinical Trial, Phase III; Multicenter Study; Randomized Controlled Trial",10.1001/jama.2024.12414,https://pubmed.ncbi.nlm.nih.gov/39037800/,https://doi.org/10.1001/jama.2024.12414,https://pmc.ncbi.nlm.nih.gov/articles/PMC11264075/,"INSPIRE and COMMAND (JAMA 2024), risankizumab for UC. Induction clinical remission was 20.3% against 6.2%. Maintenance remission at week 52 was 40.2% (180 mg) and 37.6% (360 mg) against 25.1%. No new safety risks.",
3.4,Part 3,Mirikizumab as Induction and Maintenance Therapy for Ulcerative Colitis,D'Haens G et al.,N Engl J Med,2023,"Clinical Trial, Phase III; Randomized Controlled Trial",10.1056/NEJMoa2207940,https://pubmed.ncbi.nlm.nih.gov/37379135/,https://doi.org/10.1056/NEJMoa2207940,,"LUCENT-1 and LUCENT-2 (NEJM 2023), mirikizumab for UC. Clinical remission was 24.2% against 13.3% at week 12, and 49.9% against 25.1% at maintenance week 40. Also improved bowel urgency.",
3.5,Part 3,"Efficacy and safety of mirikizumab in patients with moderately-to-severely active Crohn's disease: a phase 3, multicentre, randomised, double-blind, placebo-controlled and active-controlled, treat-through study",Ferrante M et al.,Lancet,2024,"Clinical Trial, Phase III; Randomized Controlled Trial; Multicenter Study",10.1016/S0140-6736(24)01762-8,https://pubmed.ncbi.nlm.nih.gov/39581202/,https://doi.org/10.1016/S0140-6736(24)01762-8,,"VIVID-1 (Lancet 2024), mirikizumab for CD (treat-through, with placebo and ustekinumab arms). Endoscopic-response composite was 38.0% against 9.0%, and CDAI-remission composite 45.4% against 19.6%.",
3.6,Part 3,"Guselkumab in patients with moderately to severely active ulcerative colitis (QUASAR): phase 3 double-blind, randomised, placebo-controlled induction and maintenance studies",Rubin DT et al.,Lancet,2024,"Randomized Controlled Trial; Clinical Trial, Phase III; Multicenter Study",10.1016/S0140-6736(24)01927-5,https://pubmed.ncbi.nlm.nih.gov/39706209/,https://doi.org/10.1016/S0140-6736(24)01927-5,,"QUASAR (Lancet 2024), guselkumab for UC. Induction remission was 23% against 8%. Week-44 remission was 50% (200 mg q4w) and 45% (100 mg q8w) against 19%.",
3.7,Part 3,"Efficacy and safety of intravenous induction and subcutaneous maintenance therapy with guselkumab for patients with Crohn's disease (GALAXI-2 and GALAXI-3): 48-week results from two phase 3, randomised, placebo and active comparator-controlled, double-blind, triple-dummy trials",Panaccione R et al.,Lancet,2025,"Randomized Controlled Trial; Clinical Trial, Phase III; Multicenter Study",10.1016/S0140-6736(25)00681-6,https://pubmed.ncbi.nlm.nih.gov/40684778/,https://doi.org/10.1016/S0140-6736(25)00681-6,,"GALAXI-2 and GALAXI-3 (Lancet 2025), guselkumab for CD with IV induction and SC maintenance, compared with placebo and ustekinumab. Clinical response at week 12 plus remission at week 48 reached 47-55% against 12-13% on placebo. Superior to ustekinumab on multiple week-48 endpoints.",
3.8,Part 3,Efficacy and Safety of Guselkumab Subcutaneous Induction and Maintenance in Participants With Moderately to Severely Active Crohn's Disease: Results From the Phase 3 GRAVITI Study,Hart A et al.,Gastroenterology,2025,"Randomized Controlled Trial; Clinical Trial, Phase III; Multicenter Study",10.1053/j.gastro.2025.02.033,https://pubmed.ncbi.nlm.nih.gov/40113101/,https://doi.org/10.1053/j.gastro.2025.02.033,,GRAVITI (Gastroenterology 2025): guselkumab given subcutaneously for both induction and maintenance in CD (no IV infusion needed). Clinical remission and endoscopic response were clearly superior to placebo in biologic-naive and biologic-experienced patients.,
3.9,Part 3,Risankizumab versus Ustekinumab for Moderate-to-Severe Crohn's Disease,Peyrin-Biroulet L et al.,N Engl J Med,2024,"Multicenter Study; Randomized Controlled Trial; Clinical Trial, Phase III; Comparative Study; Equivalence Trial",10.1056/NEJMoa2314585,https://pubmed.ncbi.nlm.nih.gov/39018531/,https://doi.org/10.1056/NEJMoa2314585,,SEQUENCE (NEJM 2024) in anti-TNF-failed CD. Risankizumab was non-inferior to ustekinumab for week-24 clinical remission (58.6% vs 39.5%) and superior for week-48 endoscopic remission (31.8% vs 16.2%). This is the first head-to-head win for an IL-23 p19 drug.,
3.10,Part 3,"Ustekinumab versus adalimumab for induction and maintenance therapy in biologic-naive patients with moderately to severely active Crohn's disease: a multicentre, randomised, double-blind, parallel-group, phase 3b trial",Sands BE et al.,Lancet,2022,"Clinical Trial, Phase III; Multicenter Study; Randomized Controlled Trial",10.1016/S0140-6736(22)00688-2,https://pubmed.ncbi.nlm.nih.gov/35691323/,https://doi.org/10.1016/S0140-6736(22)00688-2,,SEAVUE (Lancet 2022) in biologic-naive CD. Ustekinumab and adalimumab monotherapy were similarly effective (week-52 remission 65% vs 61%). Either is a reasonable first biologic.,
3.11,Part 3,Vedolizumab versus Adalimumab for Moderate-to-Severe Ulcerative Colitis,Sands BE et al.,N Engl J Med,2019,"Clinical Trial, Phase III; Comparative Study; Multicenter Study; Randomized Controlled Trial",10.1056/NEJMoa1905725,https://pubmed.ncbi.nlm.nih.gov/31553834/,https://doi.org/10.1056/NEJMoa1905725,,"VARSITY (NEJM 2019), the first head-to-head biologic trial in IBD. In UC, vedolizumab beat adalimumab for clinical remission (31.3% vs 22.5%) and endoscopic improvement, but not for steroid-free remission.",
3.12,Part 3,"Upadacitinib as induction and maintenance therapy for moderately to severely active ulcerative colitis: results from three phase 3, multicentre, double-blind, randomised trials",Danese S et al.,Lancet,2022,"Clinical Trial, Phase III; Multicenter Study; Randomized Controlled Trial",10.1016/S0140-6736(22)00581-5,https://pubmed.ncbi.nlm.nih.gov/35644166/,https://doi.org/10.1016/S0140-6736(22)00581-5,,"U-ACHIEVE and U-ACCOMPLISH (Lancet 2022), upadacitinib (JAK1) for UC. Induction remission was 26-34% against 4-5%. Maintenance remission was 42% (15 mg) and 52% (30 mg) against 12%. It is one of the most effective UC drugs in network meta-analyses.",
3.13,Part 3,Upadacitinib Induction and Maintenance Therapy for Crohn's Disease,Loftus EV et al.,N Engl J Med,2023,"Clinical Trial, Phase III; Randomized Controlled Trial",10.1056/NEJMoa2212728,https://pubmed.ncbi.nlm.nih.gov/37224198/,https://doi.org/10.1056/NEJMoa2212728,,"U-EXCEL, U-EXCEED and U-ENDURE (NEJM 2023), upadacitinib for CD. Remission was 49.5% against 29.1% and endoscopic response 45.5% against 13.1% (U-EXCEL). Herpes zoster, liver enzyme changes and a few GI perforations were noted.",
3.14,Part 3,"Filgotinib as induction and maintenance therapy for ulcerative colitis (SELECTION): a phase 2b/3 double-blind, randomised, placebo-controlled trial",Feagan BG et al.,Lancet,2021,"Clinical Trial, Phase II; Clinical Trial, Phase III; Randomized Controlled Trial",10.1016/S0140-6736(21)00666-8,https://pubmed.ncbi.nlm.nih.gov/34090625/,https://doi.org/10.1016/S0140-6736(21)00666-8,,SELECTION (Lancet 2021): filgotinib 200 mg (JAK1-preferential) induced and maintained remission in UC and was well tolerated.,
3.15,Part 3,Ozanimod as Induction and Maintenance Therapy for Ulcerative Colitis,Sandborn WJ et al.,N Engl J Med,2021,"Clinical Trial, Phase III; Multicenter Study; Randomized Controlled Trial",10.1056/NEJMoa2033617,https://pubmed.ncbi.nlm.nih.gov/34587385/,https://doi.org/10.1056/NEJMoa2033617,,True North (NEJM 2021): ozanimod (S1P receptor modulator) for UC. Remission was 18.4% against 6.0% at induction and 37.0% against 18.5% in maintenance. It works by trapping lymphocytes in lymph nodes.,
3.16,Part 3,"Etrasimod as induction and maintenance therapy for ulcerative colitis (ELEVATE): two randomised, double-blind, placebo-controlled, phase 3 studies",Sandborn WJ et al.,Lancet,2023,Randomized Controlled Trial,10.1016/S0140-6736(23)00061-2,https://pubmed.ncbi.nlm.nih.gov/36871574/,https://doi.org/10.1016/S0140-6736(23)00061-2,,"ELEVATE UC 52 and UC 12 (Lancet 2023): once-daily etrasimod (S1P1,4,5) for UC. Remission was 27% against 7% at week 12 and 32% against 7% at week 52. No deaths or malignancies.",
3.17,Part 3,Subcutaneous Infliximab (CT-P13 SC) as Maintenance Therapy for Inflammatory Bowel Disease: Two Randomized Phase 3 Trials (LIBERTY),Hanauer SB et al.,Gastroenterology,2024,"Clinical Trial, Phase III; Randomized Controlled Trial; Multicenter Study",10.1053/j.gastro.2024.05.006,https://pubmed.ncbi.nlm.nih.gov/38788861/,https://doi.org/10.1053/j.gastro.2024.05.006,,"LIBERTY (Gastroenterology 2024): subcutaneous infliximab (CT-P13 SC) maintenance after IV induction. Week-54 CD remission was 62.3% against 32.1%, and UC remission 43.2% against 20.8%. This allows home self-injection of infliximab.",
3.18,Part 3,"Guselkumab plus golimumab combination therapy versus guselkumab or golimumab monotherapy in patients with ulcerative colitis (VEGA): a randomised, double-blind, controlled, phase 2, proof-of-concept trial",Feagan BG et al.,Lancet Gastroenterol Hepatol,2023,"Randomized Controlled Trial; Clinical Trial, Phase II",10.1016/S2468-1253(22)00427-7,https://pubmed.ncbi.nlm.nih.gov/36738762/,https://doi.org/10.1016/S2468-1253(22)00427-7,,"VEGA (Lancet Gastroenterol Hepatol 2023), a proof-of-concept trial combining two biologics (guselkumab plus golimumab) in UC. Week-12 clinical response was 83% on the combination against 61% on golimumab and 75% on guselkumab alone. This launched the 'advanced combination therapy' era.",
4.1,Part 4,Phase 2 Trial of Anti-TL1A Monoclonal Antibody Tulisokibart for Ulcerative Colitis,Sands BE et al.,N Engl J Med,2024,"Randomized Controlled Trial; Clinical Trial, Phase II; Multicenter Study",10.1056/NEJMoa2314076,https://pubmed.ncbi.nlm.nih.gov/39321363/,https://doi.org/10.1056/NEJMoa2314076,,ARTEMIS-UC (NEJM 2024): tulisokibart for UC. Clinical remission was 26% against 1% at week 12 (cohort 1). A genetic-based companion test aimed to identify patients more likely to respond (32% vs 11% in test-positive patients).,
4.2,Part 4,Safety and efficacy of the anti-TL1A monoclonal antibody tulisokibart for Crohn's disease: a phase 2a induction trial,Feagan BG et al.,Lancet Gastroenterol Hepatol,2025,"Clinical Trial, Phase II; Multicenter Study",10.1016/S2468-1253(25)00071-8,https://pubmed.ncbi.nlm.nih.gov/40456235/,https://doi.org/10.1016/S2468-1253(25)00071-8,,"APOLLO-CD (phase 2a, open-label): tulisokibart in largely biologic-experienced CD. Endoscopic response was 26% at week 12. A placebo-controlled phase 3 trial is underway.",
4.3,Part 4,"Anti-TL1A antibody, afimkibart, in moderately-to-severely active ulcerative colitis (TUSCANY-2): a multicentre, double-blind, treat-through, multi-dose, randomised, placebo-controlled, phase 2b trial",Danese S et al.,Lancet Gastroenterol Hepatol,2025,"Multicenter Study; Clinical Trial, Phase II; Randomized Controlled Trial",10.1016/S2468-1253(25)00129-3,https://pubmed.ncbi.nlm.nih.gov/40706613/,https://doi.org/10.1016/S2468-1253(25)00129-3,,"TUSCANY-2 (phase 2b): afimkibart (RVT-3101) in UC. The primary endpoint (total Mayo remission) narrowly missed significance, but modified-Mayo remission was 30-35% against 12% on placebo, which supported further development.",
4.4,Part 4,"Efficacy and safety of duvakitug in patients with ulcerative colitis (RELIEVE UCCD): a phase 2b, randomised, placebo-controlled trial",Reinisch W et al.,Lancet Gastroenterol Hepatol,2026,"Randomized Controlled Trial; Clinical Trial, Phase II; Multicenter Study",10.1016/S2468-1253(26)00120-2,https://pubmed.ncbi.nlm.nih.gov/42462750/,https://doi.org/10.1016/S2468-1253(26)00120-2,,"RELIEVE UCCD (phase 2b, 2026): duvakitug in UC. Week-14 clinical remission was 36% (450 mg) and 48% (900 mg) against 20% on placebo, with no safety concerns.",
4.5,Part 4,"Efficacy and safety of duvakitug in patients with Crohn's disease (RELIEVE UCCD): a phase 2b, randomised, placebo-controlled trial",Jairath V et al.,Lancet Gastroenterol Hepatol,2026,"Randomized Controlled Trial; Clinical Trial, Phase II; Multicenter Study",10.1016/S2468-1253(26)00119-6,https://pubmed.ncbi.nlm.nih.gov/42462749/,https://doi.org/10.1016/S2468-1253(26)00119-6,,"RELIEVE UCCD (phase 2b, 2026): duvakitug in CD. Week-14 endoscopic response was 26% (450 mg) and 48% (900 mg) against 13% on placebo, with no safety concerns.",
4.6,Part 4,Review Article: TL1A Inhibitors in IBD - Mechanistic Rationale and Clinical Evidence,Goyal MK et al.,Aliment Pharmacol Ther,2026,Review,10.1111/apt.70648,https://pubmed.ncbi.nlm.nih.gov/41941212/,https://doi.org/10.1111/apt.70648,,"2026 review of TL1A/DR3 biology and clinical data. TL1A links mucosal immunity to fibroblast activation, so inhibitors could target the 'inflammation-fibrosis continuum' that current drugs miss.",
4.7,Part 4,"ABX464 (obefazimod) for moderate-to-severe, active ulcerative colitis: a phase 2b, double-blind, randomised, placebo-controlled induction trial and 48 week, open-label extension",Vermeire S et al.,Lancet Gastroenterol Hepatol,2022,Randomized Controlled Trial,10.1016/S2468-1253(22)00233-3,https://pubmed.ncbi.nlm.nih.gov/36075249/,https://doi.org/10.1016/S2468-1253(22)00233-3,,"Phase 2b in UC (Lancet Gastroenterol Hepatol 2022). All doses of oral ABX464 (25, 50, 100 mg) significantly reduced the modified Mayo score against placebo at week 8. Headache was the most common side effect.",
4.8,Part 4,Obefazimod in patients with moderate-to-severely active ulcerative colitis: efficacy and safety analysis from the 96-week open-label maintenance phase 2b study,Vermeire S et al.,J Crohns Colitis,2025,"Clinical Trial, Phase II; Multicenter Study; Randomized Controlled Trial",10.1093/ecco-jcc/jjaf074,https://pubmed.ncbi.nlm.nih.gov/40417999/,https://doi.org/10.1093/ecco-jcc/jjaf074,https://pmc.ncbi.nlm.nih.gov/articles/PMC12124117/,"96-week open-label maintenance of obefazimod 50 mg in UC. Clinical remission was 54.8% at week 48 and 52.5% at week 96, and no new safety risks emerged over 2 years.",
4.9,Part 4,[Not peer-reviewed] ABTECT phase 3 programme of obefazimod in moderate-to-severe UC: company topline results,Company press release,,2025-2026,Press release,,,https://www.drugs.com/clinical_trials/abivax-announces-positive-phase-3-results-both-abtect-8-week-induction-trials-investigating-22120.html,,"Phase 3 ABTECT-1 and ABTECT-2 induction trials. Obefazimod 50 mg once daily gave a pooled placebo-adjusted clinical remission of 16.4% at week 8 (p<0.0001). In the 44-week maintenance trial (n=580), clinical remission was 50.8% (25 mg) and 51.3% (50 mg) against 10.4% on placebo. The company planned an FDA filing for UC in late Q4 2026. Caveat: the company's Part 2 release refers to safety findings reported after Part 1, so read the full releases and the eventual peer-reviewed paper.",
4.10,Part 4,Oral Peptide Therapeutics as an Emerging Treatment Modality in Immune-Mediated Inflammatory Diseases: A Narrative Review,Stein Gold L et al.,Adv Ther,2025,Review,10.1007/s12325-025-03213-8,https://pubmed.ncbi.nlm.nih.gov/40439953/,https://doi.org/10.1007/s12325-025-03213-8,https://pmc.ncbi.nlm.nih.gov/articles/PMC12182492/,"Review of oral peptide drugs for immune-mediated diseases, centred on icotrokinra (JNJ-2113), the first oral peptide that blocks the IL-23 receptor. Icotrokinra has since been approved by the FDA for plaque psoriasis (2026, brand 'Icotyde'; see PMID 42433845) and is in phase 3 for UC (ICONIC-UC).",
4.11,Part 4,[Not peer-reviewed] ANTHEM-UC phase 2b trial of oral icotrokinra in moderate-to-severe UC: company results,Company press release,,2025-2026,Press release,,,https://www.jnj.com/media-center/press-releases/icotrokinra-meets-primary-endpoint-of-clinical-response-in-ulcerative-colitis-study-and-shows-potential-to-transform-the-treatment-paradigm-for-patients,,"252 patients, three once-daily oral doses. All doses met the primary endpoint of clinical response at week 12. With 400 mg, clinical response was 63.5% against 27% and clinical remission 30.2% against 11.1% on placebo. Adverse events were similar to placebo. Results kept improving to week 28, and phase 3 ICONIC-UC has started. If confirmed, this would be an IL-23-pathway drug in pill form.",
4.12,Part 4,"A Phase 2 Study of MORF-057, an Oral α4β7 Integrin Inhibitor in Moderately to Severely Active Ulcerative Colitis",Sands BE et al.,Clin Gastroenterol Hepatol,2025,"Clinical Trial, Phase II; Multicenter Study",10.1016/j.cgh.2025.07.030,https://pubmed.ncbi.nlm.nih.gov/40769468/,https://doi.org/10.1016/j.cgh.2025.07.030,,"Open-label, single-arm phase 2a study of MORF-057, an oral small-molecule α4β7-integrin inhibitor, essentially an 'oral vedolizumab'. It reduced the Robarts Histopathology Index in UC (22.9% histologic remission at week 12), with effects sustained to week 52 and good tolerability.",
4.13,Part 4,Gut-directed therapeutics in inflammatory bowel disease,Kratschmer C et al.,Curr Opin Gastroenterol,2025,Review,10.1097/MOG.0000000000001099,https://pubmed.ncbi.nlm.nih.gov/40305008/,https://doi.org/10.1097/MOG.0000000000001099,https://pmc.ncbi.nlm.nih.gov/articles/PMC12164124/,"Review of 'gut-directed' therapeutics: drugs that act mainly in the intestine to reduce systemic side effects. Covers gut-selective antibodies, locally acting small molecules, microbiome products and new delivery systems (engineered yeast, hydrogels, nanoparticles).",
4.14,Part 4,"Lyophilised oral faecal microbiota transplantation for ulcerative colitis (LOTUS): a randomised, double-blind, placebo-controlled trial",Haifer C et al.,Lancet Gastroenterol Hepatol,2021,Randomized Controlled Trial,10.1016/S2468-1253(21)00400-3,https://pubmed.ncbi.nlm.nih.gov/34863330/,https://doi.org/10.1016/S2468-1253(21)00400-3,,"LOTUS RCT (Lancet Gastroenterol Hepatol 2022): antibiotics followed by oral lyophilised (capsule) FMT induced remission in active UC. All patients who continued FMT stayed in clinical, endoscopic and histological remission at week 56.",
4.15,Part 4,Comparative Effectiveness and Safety of Fecal Microbiota Transplantation in Ulcerative Colitis: An Updated Systematic Review and Meta-Analysis,Huang B et al.,Adv Ther,2026,Systematic Review; Meta-Analysis; Comparative Study,10.1007/s12325-025-03431-0,https://pubmed.ncbi.nlm.nih.gov/41945234/,https://doi.org/10.1007/s12325-025-03431-0,,"2026 meta-analysis of FMT in UC. FMT improves induction clinical and endoscopic remission without more adverse events. Route matters: colonoscopy plus enema was best, while oral and nasoduodenal results were imprecise.",
4.16,Part 4,Mechanistic insights into fecal microbiota transplantation for the treatment of ulcerative colitis: analysis of the STOP-Colitis trial,Quraishi MN et al.,J Crohns Colitis,2026,Randomized Controlled Trial,10.1093/ecco-jcc/jjag006,https://pubmed.ncbi.nlm.nih.gov/41587946/,https://doi.org/10.1093/ecco-jcc/jjag006,https://pmc.ncbi.nlm.nih.gov/articles/PMC13012878/,"Mechanistic analysis of the STOP-Colitis RCT. Colonic FMT beat nasogastric delivery. Responders engrafted immunomodulatory bacteria and showed more mucosal regulatory T cells with fewer Th17 cells, which supports designing defined bacterial consortia.","Shows that changing the gut microbiome can calm colitis, the same mechanism proposed for the Mediterranean diet's benefits."
4.17,Part 4,Darvadstrocel in Patients With Crohn's Disease With Complex Perianal Fistulas: The ADMIRE CD II Phase 3 Randomized Trial,Colombel JF et al.,Gastroenterology,2026,"Randomized Controlled Trial; Clinical Trial, Phase III; Multicenter Study",10.1053/j.gastro.2025.12.033,https://pubmed.ncbi.nlm.nih.gov/41790076/,https://doi.org/10.1053/j.gastro.2025.12.033,,"ADMIRE CD II (Gastroenterology 2026), an important negative result. Darvadstrocel (adipose-derived stem cells) for complex perianal fistulas did not beat placebo for combined remission at week 24 (48.8% vs 46.3%). This tempers enthusiasm for local stem-cell therapy.",
4.18,Part 4,Anti-fibrotic therapy in Crohn's disease: hype or reality-can intestinal fibrosis be targeted effectively?,Honap S et al.,Expert Rev Gastroenterol Hepatol,2026,Review,10.1080/17474124.2026.2695461,https://pubmed.ncbi.nlm.nih.gov/42364152/,https://doi.org/10.1080/17474124.2026.2695461,,"Review asking whether intestinal fibrosis (strictures) can be treated with drugs. Covers ontunisertib (clinical data), anti-TL1A and obefazimod (preclinical anti-fibrotic signals), and lessons from lung and liver fibrosis drug development.",
4.19,Part 4,Drug Development in Inflammatory Bowel Diseases: What Is Next?,Petronio L et al.,Pharmaceuticals (Basel),2025,Review,10.3390/ph18020190,https://pubmed.ncbi.nlm.nih.gov/40006003/,https://doi.org/10.3390/ph18020190,https://pmc.ncbi.nlm.nih.gov/articles/PMC11858795/,"Overview of 'what's next' in IBD drug development: anti-TL1A, obefazimod, NX-13, RIPK inhibitors and the IL-23 p19 class. Emphasises patient stratification and positioning of therapies.",
4.20,Part 4,"Results of the Ninth Scientific Workshop of the European Crohn's and Colitis Organisation (ECCO): artificial intelligence in endoscopy, radiology, and histology in inflammatory bowel disease diagnostics",Mookhoek A et al.,J Crohns Colitis,2026,Review,10.1093/ecco-jcc/jjaf133,https://pubmed.ncbi.nlm.nih.gov/40796218/,https://doi.org/10.1093/ecco-jcc/jjaf133,,"ECCO scientific workshop on artificial intelligence in endoscopy, radiology and histology for IBD. AI can automate disease-activity scoring and may reveal new biology, but needs better datasets and reporting standards.",
5.1,Part 5,European Crohn's and Colitis Organisation consensus on dietary management of inflammatory bowel disease,Svolos V et al.,J Crohns Colitis,2025,Journal article,10.1093/ecco-jcc/jjaf122,https://pubmed.ncbi.nlm.nih.gov/40650933/,https://doi.org/10.1093/ecco-jcc/jjaf122,,"The first ECCO consensus on dietary management of IBD (J Crohns Colitis 2025;19(9):jjaf122). Five working groups covered diet to induce remission, diet to maintain remission, comorbidities, nutritional assessment and prevention. According to ECCO and secondary summaries, every person with IBD should have access to an IBD-experienced dietitian; patients should follow general healthy-eating guidance unless an IBD professional prescribes a specific diet; EEN and CDED with partial enteral nutrition are options to induce remission in CD; and the Mediterranean diet and limited red/processed meat 'can be considered' to maintain remission in UC. A 2026 commentary (PMID 41329464, DOI 10.1093/ecco-jcc/jjaf220) discusses implementing it in clinics. Check the exact wording and evidence grades in the full text.",ECCO 2025 supports the Mediterranean diet (with less red/processed meat) as an option to maintain remission in UC.
5.2,Part 5,AGA Clinical Practice Update on Diet and Nutritional Therapies in Patients With Inflammatory Bowel Disease: Expert Review,Hashash JG et al.,Gastroenterology,2024,Practice Guideline,10.1053/j.gastro.2023.11.303,https://pubmed.ncbi.nlm.nih.gov/38276922/,https://doi.org/10.1053/j.gastro.2023.11.303,,"AGA Clinical Practice Update on diet (Gastroenterology 2024), 12 best-practice statements. #1: unless contraindicated, ALL patients with IBD should be advised to follow a Mediterranean diet. A diet low in red/processed meat may reduce UC flares. Texture modification is advised for strictures. EEN and CDED are options for CD. Screen for malnutrition, vitamin D, iron and B12 deficiency. A dietitian should be part of care.",The strongest guideline endorsement of the Mediterranean diet as the default background diet for everyone with IBD.
5.3,Part 5,ESPEN guideline on Clinical Nutrition in inflammatory bowel disease,Bischoff SC et al.,Clin Nutr,2023,Practice Guideline,10.1016/j.clnu.2022.12.004,https://pubmed.ncbi.nlm.nih.gov/36739756/,https://doi.org/10.1016/j.clnu.2022.12.004,,"ESPEN 2023 guideline (71 recommendations) on clinical nutrition in IBD: malnutrition screening, micronutrients, enteral and parenteral nutrition, peri-operative nutrition, and diet in active and quiescent disease.",
5.4,Part 5,Dietary Guidance From the International Organization for the Study of Inflammatory Bowel Diseases,Levine A et al.,Clin Gastroenterol Hepatol,2020,Review,10.1016/j.cgh.2020.01.046,https://pubmed.ncbi.nlm.nih.gov/32068150/,https://doi.org/10.1016/j.cgh.2020.01.046,,"IOIBD expert dietary guidance (2020) on which foods and additives to increase or reduce to control and prevent relapse. As summarised by Magro et al. (2024, PMID 38617734), it advises regular fruit and vegetables, natural omega-3 sources (UC), and reducing saturated, trans and dairy fat, processed foods rich in maltodextrin, some additives, and sweeteners such as sucralose and saccharin. Its 'eat more / eat less' lists closely mirror a Mediterranean pattern.","Its food-level advice essentially describes a Mediterranean-style, minimally processed diet."
5.5,Part 5,Crohn's Disease Exclusion Diet Plus Partial Enteral Nutrition Induces Sustained Remission in a Randomized Controlled Trial,Levine A et al.,Gastroenterology,2019,Multicenter Study; Randomized Controlled Trial,10.1053/j.gastro.2019.04.021,https://pubmed.ncbi.nlm.nih.gov/31170412/,https://doi.org/10.1053/j.gastro.2019.04.021,,"Paediatric RCT (Gastroenterology 2019): the CD Exclusion Diet (CDED) plus partial enteral nutrition (PEN) was better tolerated than EEN and gave more sustained remission at week 12, with favourable microbiome changes.",
5.6,Part 5,"The Crohn's disease exclusion diet for induction and maintenance of remission in adults with mild-to-moderate Crohn's disease (CDED-AD): an open-label, pilot, randomised trial",Yanai H et al.,Lancet Gastroenterol Hepatol,2021,Multicenter Study; Randomized Controlled Trial,10.1016/S2468-1253(21)00299-5,https://pubmed.ncbi.nlm.nih.gov/34739863/,https://doi.org/10.1016/S2468-1253(21)00299-5,,"CDED in adults (Lancet Gastroenterol Hepatol 2022, pilot RCT). CDED with or without PEN induced and maintained remission in biologic-naive mild-to-moderate CD, with some patients reaching endoscopic remission.",
5.7,Part 5,Meta-Analysis: Crohn's Disease Exclusion Diet for Induction and Maintenance in Crohn's Disease,Batra G et al.,Aliment Pharmacol Ther,2026,Meta-Analysis; Systematic Review,10.1111/apt.70857,https://pubmed.ncbi.nlm.nih.gov/42437372/,https://doi.org/10.1111/apt.70857,https://pmc.ncbi.nlm.nih.gov/articles/PMC13511444/,"2026 meta-analysis of 17 CDED studies. Pooled clinical remission was 69% at 6-8 weeks. CDED outperformed control diets (OR 2.58), and specifically outperformed the Mediterranean diet (OR 3.95) for induction. Maintenance OR was 2.73.","For inducing remission in active CD, CDED appears more effective than the Mediterranean diet (but the evidence comes from few small studies)."
5.8,Part 5,Exclusive enteral nutrition versus the Crohn's disease exclusion diet for remission induction in pediatric Crohn's disease: 52-week study,Pevzner D et al.,J Pediatr Gastroenterol Nutr,2026,Journal article,10.1002/jpn3.70562,https://pubmed.ncbi.nlm.nih.gov/42693547/,https://doi.org/10.1002/jpn3.70562,,"Paediatric comparison of EEN against CDED with 52-week follow-up. Efficacy, adherence, CRP/calprotectin normalisation and longer-term outcomes (flares, need for biologics or surgery) were similar.",
5.9,Part 5,Treatment of Active Crohn's Disease With an Ordinary Food-based Diet That Replicates Exclusive Enteral Nutrition,Svolos V et al.,Gastroenterology,2018,Randomized Controlled Trial,10.1053/j.gastro.2018.12.002,https://pubmed.ncbi.nlm.nih.gov/30550821/,https://doi.org/10.1053/j.gastro.2018.12.002,,"CD-TREAT (Gastroenterology 2019): an ordinary-food diet designed to replicate EEN. It reproduced EEN's microbiome effects, reduced gut inflammation in rats, and 60% of treated children entered remission.",
5.10,Part 5,Whole Food Diet Induces Remission in Children and Young Adults With Mild to Moderate Crohn's Disease and Is More Tolerable Than Exclusive Enteral Nutrition: A Randomized Controlled Trial,Aharoni-Frutkoff Y et al.,Gastroenterology,2025,Randomized Controlled Trial; Comparative Study,10.1053/j.gastro.2025.06.011,https://pubmed.ncbi.nlm.nih.gov/40553742/,https://doi.org/10.1053/j.gastro.2025.06.011,,"TASTI-MM RCT (Gastroenterology 2025): the 'Tasty&Healthy' whole-food diet (no processed food, gluten, red meat or dairy; no formula) against EEN in children and young adults. It was much better tolerated (88% vs 52%), had similar efficacy, and improved microbiome diversity, while EEN reduced it.",
5.11,Part 5,Association of ultra-processed food intake with risk of inflammatory bowel disease: prospective cohort study,Narula N et al.,BMJ,2021,Multicenter Study,10.1136/bmj.n1554,https://pubmed.ncbi.nlm.nih.gov/34261638/,https://doi.org/10.1136/bmj.n1554,https://pmc.ncbi.nlm.nih.gov/articles/PMC8279036/,"PURE prospective cohort across 21 low-, middle- and high-income countries (BMJ 2021). Higher ultra-processed food intake was associated with higher IBD risk (HR 1.82 for ≥5 servings/day vs <1). Red meat, dairy and fruit/vegetables were not associated with risk.",
5.12,Part 5,A Diet Low in Red and Processed Meat Does Not Reduce Rate of Crohn's Disease Flares,Albenberg L et al.,Gastroenterology,2019,Randomized Controlled Trial,10.1053/j.gastro.2019.03.015,https://pubmed.ncbi.nlm.nih.gov/30872105/,https://doi.org/10.1053/j.gastro.2019.03.015,https://pmc.ncbi.nlm.nih.gov/articles/PMC6726378/,"FACES RCT (Gastroenterology 2019): in CD in remission, cutting red and processed meat did NOT reduce time to symptomatic relapse. Important evidence against over-restrictive 'no meat' advice in CD.",
5.13,Part 5,"Impact of diet on inflammatory bowel disease risk: systematic review, meta-analyses and implications for prevention",Meyer A et al.,EClinicalMedicine,2025,Journal article,10.1016/j.eclinm.2025.103353,https://pubmed.ncbi.nlm.nih.gov/40697960/,https://doi.org/10.1016/j.eclinm.2025.103353,https://pmc.ncbi.nlm.nih.gov/articles/PMC12281061/,"2025 meta-analysis of 72 prospective cohorts (more than 2 million people). Inflammatory diet (HR 1.63) and UPF (HR 1.71) raised CD risk; high fibre (HR 0.53), Mediterranean diet (HR 0.59) and minimally processed foods lowered it. No consistent dietary links were found for UC.",Pooled prospective data: high Mediterranean-diet adherence is associated with about 40% lower risk of developing CD.
5.14,Part 5,Dietary Interventions for the Treatment of Inflammatory Bowel Diseases: An Updated Systematic Review and Meta-analysis,Limketkai BN et al.,Clin Gastroenterol Hepatol,2022,Meta-Analysis; Systematic Review,10.1016/j.cgh.2022.11.026,https://pubmed.ncbi.nlm.nih.gov/36470529/,https://doi.org/10.1016/j.cgh.2022.11.026,,"Updated systematic review and meta-analysis of 27 controlled solid-food diet trials (Clin Gastroenterol Hepatol 2023). Certainty of evidence is low or very low overall. The Mediterranean diet was similar to SCD in CD, and PEN may help induction and maintenance. Reducing red meat or refined carbohydrate did not prevent CD relapse.",
5.15,Part 5,Using Diet to Treat Inflammatory Bowel Disease: A Systematic Review,Gleave A et al.,Am J Gastroenterol,2024,Systematic Review,10.14309/ajg.0000000000002973,https://pubmed.ncbi.nlm.nih.gov/39056556/,https://doi.org/10.14309/ajg.0000000000002973,,"AJG 2024 systematic review of 10 diets for active adult IBD, with practical sample meal plans. Common elements are whole foods, exclusion of ultra-processed foods, and elimination followed by reintroduction. Evidence remains limited.",
5.16,Part 5,"Diet, Food, and Nutritional Exposures and Inflammatory Bowel Disease or Progression of Disease: an Umbrella Review",Christensen C et al.,Adv Nutr,2024,Systematic Review,10.1016/j.advnut.2024.100219,https://pubmed.ncbi.nlm.nih.gov/38599319/,https://doi.org/10.1016/j.advnut.2024.100219,https://pmc.ncbi.nlm.nih.gov/articles/PMC11063602/,"Umbrella review (Adv Nutr 2024): red/processed meat, processed foods and refined sugar are linked to higher IBD incidence and progression; vegetables, fruit and fibre (especially for CD) are protective. Mediterranean, vegetarian and SCD patterns are associated with lower incidence and progression.",Lists the Mediterranean diet among patterns associated with lower incidence and progression.
5.17,Part 5,Efficacy of Whole-Food Based Anti-inflammatory Dietary Interventions in the Management of Ulcerative Colitis: A Systematic Review and Meta-Analysis,Rehmat M et al.,Dig Dis Sci,2025,Systematic Review; Meta-Analysis,10.1007/s10620-025-09332-0,https://pubmed.ncbi.nlm.nih.gov/40797000/,https://doi.org/10.1007/s10620-025-09332-0,,2025 meta-analysis of whole-food anti-inflammatory diets in UC. In active disease they improved clinical response (RR 1.82). In remission they lowered faecal calprotectin by about 210 µg/g but did not significantly change relapse rates.,Mediterranean-style anti-inflammatory diets work as a complement to conventional UC therapy.
5.18,Part 5,Anti-Inflammatory Diet Prevents Subclinical Colonic Inflammation and Alters Metabolomic Profile of Ulcerative Colitis Patients in Clinical Remission,Keshteli AH et al.,Nutrients,2022,Randomized Controlled Trial,10.3390/nu14163294,https://pubmed.ncbi.nlm.nih.gov/36014800/,https://doi.org/10.3390/nu14163294,https://pmc.ncbi.nlm.nih.gov/articles/PMC9414437/,"RCT in UC in remission: an 'anti-inflammatory diet' (more fibre, probiotics, antioxidants and omega-3; less red/processed meat and added sugar) prevented subclinical inflammation (calprotectin <150 in 69% vs 37% on Canada's Food Guide). It also increased beneficial bacteria (Bifidobacteriaceae, Lachnospiraceae, Ruminococcaceae).",
5.19,Part 5,Precision nutrition for the prevention and management of inflammatory bowel disease,Chen J et al.,Nat Rev Gastroenterol Hepatol,2026,Review,10.1038/s41575-026-01213-9,https://pubmed.ncbi.nlm.nih.gov/42157016/,https://doi.org/10.1038/s41575-026-01213-9,,"Nature Reviews Gastroenterology & Hepatology 2026: framework for 'precision nutrition' in IBD. It moves stepwise from phenotype-based advice, to omics-based subgroups, to fully integrated personalised diets using multi-omics, biomarkers and AI. This is where diet research in IBD is heading.",Suggests future Mediterranean-diet advice could be personalised (e.g. by microbiome or metabolomic profile).
6.1,Part 6,Adherence to a Mediterranean diet is associated with a lower risk of later-onset Crohn's disease: results from two large prospective cohort studies,Khalili H et al.,Gut,2020,Journal article,10.1136/gutjnl-2019-319505,https://pubmed.ncbi.nlm.nih.gov/31900290/,https://doi.org/10.1136/gutjnl-2019-319505,,"Swedish cohorts, 83,147 adults followed 17 years (Gut 2020). High MD adherence was associated with a 58% lower risk of later-onset CD (HR 0.42) but had no effect on UC. About 12% of later-onset CD cases could be attributable to poor MD adherence.",Key prospective evidence that MD may help prevent CD.
6.2,Part 6,Diet Quality and Risk of Older-onset Crohn's Disease and Ulcerative Colitis,Khalili H et al.,J Crohns Colitis,2023,Journal article,10.1093/ecco-jcc/jjac184,https://pubmed.ncbi.nlm.nih.gov/36521021/,https://doi.org/10.1093/ecco-jcc/jjac184,,"Same Swedish cohorts, comparing several diet-quality scores. The healthful plant-based index (HR 0.52) and modified MD (HR 0.58) were linked to lower older-onset CD risk; no score predicted UC. Different healthy patterns can work, so choice can follow food culture.",MD is one of several interchangeable healthy patterns linked to lower CD risk.
6.3,Part 6,Healthy eating patterns associated with reduced risk of inflammatory bowel disease by lowering low-grade inflammation: evidence from a large prospective cohort study,Xia B et al.,BMC Med,2024,Journal article,10.1186/s12916-024-03809-x,https://pubmed.ncbi.nlm.nih.gov/39695648/,https://doi.org/10.1186/s12916-024-03809-x,https://pmc.ncbi.nlm.nih.gov/articles/PMC11658349/,"UK Biobank, 197,391 participants (BMC Med 2024). Higher Alternate MD and HEI-2015 scores were associated with lower CD (not UC) risk. Part of the protection (about 8-13%) was mediated through lower systemic low-grade inflammation.",Suggests MD protects partly by lowering systemic inflammation.
6.4,Part 6,Pre-Illness Index-Based Dietary Patterns and Inflammatory Bowel Disease Risk: A Systematic Review and Meta-Analysis,Meng F et al.,Nutr Rev,2025,Systematic Review; Meta-Analysis,10.1093/nutrit/nuaf131,https://pubmed.ncbi.nlm.nih.gov/40700526/,https://doi.org/10.1093/nutrit/nuaf131,,"2025 meta-analysis of pre-illness, index-based dietary patterns. Mediterranean and other healthy patterns reduce IBD risk, and pro-inflammatory diets increase it; effects vary by region and age.",Pooled evidence that MD lowers IBD risk.
6.5,Part 6,"Efficacy of Mediterranean Diet for the primary prevention of autoimmune diseases: A systematic review and meta-analysis featured in the Italian National Guidelines ""La Dieta Mediterranea""",Gianfredi V et al.,Nutrition,2025,Systematic Review; Meta-Analysis,10.1016/j.nut.2025.113013,https://pubmed.ncbi.nlm.nih.gov/41308432/,https://doi.org/10.1016/j.nut.2025.113013,,"Counter-point: a meta-analysis for the Italian National Guidelines found NO significant association between high MD adherence and incident CD (RR 0.95) or UC (RR 1.02). Protective links were seen for multiple sclerosis and Sjögren's. Certainty was low, which shows the prevention evidence is still inconsistent.",Balancing evidence: MD's preventive effect for IBD is not certain.
6.6,Part 6,A Randomized Trial Comparing the Specific Carbohydrate Diet to a Mediterranean Diet in Adults With Crohn's Disease,Lewis JD et al.,Gastroenterology,2021,Comparative Study; Multicenter Study; Randomized Controlled Trial,10.1053/j.gastro.2021.05.047,https://pubmed.ncbi.nlm.nih.gov/34052278/,https://doi.org/10.1053/j.gastro.2021.05.047,https://pmc.ncbi.nlm.nih.gov/articles/PMC8396394/,"DINE-CD (Gastroenterology 2021), the largest diet RCT in adult CD (n=194; meals provided for 6 weeks). The Specific Carbohydrate Diet was NOT superior to MD for symptomatic remission (46.5% vs 43.5%). CRP response was rare with either diet. Because MD is easier and healthier, the authors suggest MD may be preferred for most patients with mild-to-moderate CD symptoms.",Landmark RCT: MD is as good as the more restrictive SCD for symptoms in CD.
6.7,Part 6,A Mediterranean Diet Pattern Improves Intestinal Inflammation Concomitant with Reshaping of the Bacteriome in Ulcerative Colitis: A Randomised Controlled Trial,Haskey N et al.,J Crohns Colitis,2023,Randomized Controlled Trial,10.1093/ecco-jcc/jjad073,https://pubmed.ncbi.nlm.nih.gov/37095601/,https://doi.org/10.1093/ecco-jcc/jjad073,https://pmc.ncbi.nlm.nih.gov/articles/PMC10637046/,"RCT in quiescent UC (J Crohns Colitis 2023): 12 weeks of MD against a habitual Canadian diet. Calprotectin >100 µg/g was found in 20% of the MD group against 75% of controls. MD raised faecal short-chain fatty acids (butyrate, acetate) and protective microbes, and was well tolerated.","RCT evidence that MD helps keep UC quiet, with a microbiome mechanism."
6.8,Part 6,Dietary adherence to the Mediterranean diet pattern in a randomized clinical trial of patients with quiescent ulcerative colitis,Haskey N et al.,Front Nutr,2022,Journal article,10.3389/fnut.2022.1080156,https://pubmed.ncbi.nlm.nih.gov/36618690/,https://doi.org/10.3389/fnut.2022.1080156,https://pmc.ncbi.nlm.nih.gov/articles/PMC9812483/,"Adherence analysis of the same UC trial: with dietitian education patients achieved high MD adherence without more bowel symptoms. Some nutrients were still inadequate (calcium, iron, vitamin D, vitamin E, choline, fibre in men), so tailored education is needed.","Practical tips: MD is tolerable in UC, but watch calcium, iron and vitamin D."
6.9,Part 6,Adherence to the Mediterranean Diet Improved Clinical Scores and Inflammatory Markers in Children with Active Inflammatory Bowel Disease: A Randomized Trial,El Amrousy D et al.,J Inflamm Res,2022,Journal article,10.2147/JIR.S349502,https://pubmed.ncbi.nlm.nih.gov/35411169/,https://doi.org/10.2147/JIR.S349502,https://pmc.ncbi.nlm.nih.gov/articles/PMC8994055/,"Paediatric RCT (J Inflamm Res 2022) in children with mild-to-moderate active IBD on standard therapy. Those following MD for 12 weeks had greater falls in PCDAI and PUCAI and in CRP, calprotectin, TNF-α, IL-17, IL-12 and IL-13 than controls.","Shows MD as an add-on to standard drug therapy, lowering TNF-α among other markers, in children."
6.10,Part 6,Multidimensional Impact of Mediterranean Diet on IBD Patients,Chicco F et al.,Inflamm Bowel Dis,2021,Clinical Trial,10.1093/ibd/izaa097,https://pubmed.ncbi.nlm.nih.gov/32440680/,https://doi.org/10.1093/ibd/izaa097,https://pmc.ncbi.nlm.nih.gov/articles/PMC7737160/,"Prospective study of 142 adults with UC or CD (Inflamm Bowel Dis 2021). After 6 months of MD: lower BMI and waist, less liver steatosis, better quality of life, and fewer patients with active disease among those on STABLE drug therapy.","Supports MD as an adjunct to unchanged medication, with metabolic benefits (fatty liver, weight)."
6.11,Part 6,"Effects of Mediterranean Diet, Curcumin, and Resveratrol on Mild-to-Moderate Active Ulcerative Colitis: A Multicenter Randomized Clinical Trial",Erol Doğan Ö et al.,Nutrients,2024,Multicenter Study; Randomized Controlled Trial,10.3390/nu16101504,https://pubmed.ncbi.nlm.nih.gov/38794742/,https://doi.org/10.3390/nu16101504,https://pmc.ncbi.nlm.nih.gov/articles/PMC11123867/,"Three-arm RCT in mild-to-moderate active UC (Nutrients 2024): MD alone, MD plus curcumin, or MD plus resveratrol for 8 weeks. All arms reduced disease activity and inflammation and improved quality of life; the supplements added little over MD alone.",MD itself drove improvement in active UC; supplements gave no clear extra benefit.
6.12,Part 6,The use of the Crohn's disease exclusion diet (CDED) in adults with Crohn's disease: A randomized controlled trial,Pasta A et al.,Eur J Clin Invest,2025,Randomized Controlled Trial,10.1111/eci.14389,https://pubmed.ncbi.nlm.nih.gov/39853756/,https://doi.org/10.1111/eci.14389,,"Open-label RCT in adult mild-to-moderate CD (Eur J Clin Invest 2025): CDED against MD as control. Remission was 70.8% vs 38.1% at week 12 and 79.2% vs 42.9% at week 24, favouring CDED, with improved body composition.","For ACTIVE CD, CDED beat MD. MD is better positioned as a maintenance or background diet."
6.13,Part 6,Effect of modified Mediterranean diet supplemented with partial enteral nutrition in post-surgical patients with Crohn's disease: a pilot clinical trial,Huang X et al.,Br J Nutr,2026,Randomized Controlled Trial,10.1017/S0007114526106588,https://pubmed.ncbi.nlm.nih.gov/41749464/,https://doi.org/10.1017/S0007114526106588,https://pmc.ncbi.nlm.nih.gov/articles/PMC13423520/,"Pilot RCT after CD surgery (Br J Nutr 2026). A modified MD plus partial enteral nutrition gave quality of life and nutritional status comparable to exclusive enteral nutrition, so it may be a more palatable post-operative alternative.",Modified MD plus PEN as a real-food option after surgery.
6.14,Part 6,"Effectiveness of a novel diet in attenuation of clinical activity of disease in patients with ulcerative colitis: a randomized, clinical trial",Narimani B et al.,Sci Rep,2024,Randomized Controlled Trial,10.1038/s41598-024-64512-8,https://pubmed.ncbi.nlm.nih.gov/38877032/,https://doi.org/10.1038/s41598-024-64512-8,https://pmc.ncbi.nlm.nih.gov/articles/PMC11178895/,RCT in active mild-to-moderate UC (Sci Rep 2024): a combined Mediterranean plus low-FODMAP diet with partial enteral nutrition for 6 weeks lowered disease activity and improved quality of life compared with a regular diet.,Shows MD can be adapted (e.g. low-FODMAP) for symptomatic patients.
6.15,Part 6,Mechanistic Implications of the Mediterranean Diet in Patients With Newly Diagnosed Crohn's Disease: Multiomic Results From a Prospective Cohort,Godny L et al.,Gastroenterology,2025,Journal article,10.1053/j.gastro.2024.12.031,https://pubmed.ncbi.nlm.nih.gov/39814239/,https://doi.org/10.1053/j.gastro.2024.12.031,,"Prospective multi-omic cohort of 271 newly diagnosed CD patients (Gastroenterology 2025). Higher MD adherence was associated with an uncomplicated course and lower CDAI, CRP and calprotectin. Biologically it went with more SCFA-producing commensals such as Faecalibacterium and with fewer CD-associated species (E. coli, R. gnavus), primary bile acids and ceramides.","Best mechanistic human data: MD is linked to a less dysbiotic, lower-bile-acid gut environment in early CD."
6.16,Part 6,Distinct microbial mediators link diet to inflammation in Crohn's disease and ulcerative colitis,Mayorga L et al.,Gut,2026,Journal article,10.1136/gutjnl-2025-337480,https://pubmed.ncbi.nlm.nih.gov/41494802/,https://doi.org/10.1136/gutjnl-2025-337480,https://pmc.ncbi.nlm.nih.gov/articles/PMC13217066/,"Longitudinal shotgun metagenomics with causal mediation (Gut 2026). Diet quality affects inflammation through the microbiome, differently by disease. In UC, Mediterranean-like diets lowered CRP via greater microbial richness and SCFA functions; in CD, specific taxa and metabolites mediated the benefits.",Directly shows that the anti-inflammatory effect of Mediterranean-like diets in UC runs through the microbiome.
6.17,Part 6,Long-term dietary patterns are associated with pro-inflammatory and anti-inflammatory features of the gut microbiome,Bolte LA et al.,Gut,2021,Meta-Analysis,10.1136/gutjnl-2020-322670,https://pubmed.ncbi.nlm.nih.gov/33811041/,https://doi.org/10.1136/gutjnl-2020-322670,https://pmc.ncbi.nlm.nih.gov/articles/PMC8223641/,"Gut 2021, 1,425 people (healthy, IBS, CD, UC). Processed and animal foods were associated with pro-inflammatory microbial features (endotoxin pathways); plant foods and fish were associated with SCFA-producing anti-inflammatory bacteria. This gives the food-level rationale for MD.","Plant foods and fish, the backbone of MD, are associated with anti-inflammatory microbiome features."
6.18,Part 6,TNF compromises intestinal bile-acid tolerance dictating colitis progression and limited infliximab response,Zheng M et al.,Cell Metab,2024,Journal article,10.1016/j.cmet.2024.06.008,https://pubmed.ncbi.nlm.nih.gov/38971153/,https://doi.org/10.1016/j.cmet.2024.06.008,,"Cell Metabolism 2024 (mouse and human). A high-fat diet worsens colitis because TNF disables bile-acid detoxification in gut epithelium. High intestinal bile acids correlated with poor INFLIXIMAB response, and clearing bile acids improved infliximab efficacy in mice.","Hypothesis-generating diet-drug link. A lower-saturated-fat diet such as MD lowers primary bile acids (see Godny 2025), which could in theory support anti-TNF response. This has not yet been tested in patients."
6.19,Part 6,The potential role of the mediterranean diet on clinical outcomes in patients with inflammatory bowel disease: A systematic review,Nada AH et al.,Clin Nutr ESPEN,2026,Systematic Review,10.1016/j.clnesp.2026.103605,https://pubmed.ncbi.nlm.nih.gov/42492787/,https://doi.org/10.1016/j.clnesp.2026.103605,,"2026 systematic review (12 studies, 1,615 patients). Observational studies link MD adherence to lower inflammatory markers, better quality of life and less disease activity, but RCT effects on biomarkers were mixed and mostly non-significant. Heterogeneity precluded meta-analysis.","The most up-to-date, balanced summary: promising for quality of life and remission, but RCT evidence is still limited."
6.20,Part 6,"Effects of the Mediterranean diet on inflammation, quality of life, and mortality in autoimmune diseases: A systematic review featured in the Italian National Guidelines ""La Dieta Mediterranea""",Gianfredi V et al.,Nutrition,2025,Systematic Review,10.1016/j.nut.2025.113026,https://pubmed.ncbi.nlm.nih.gov/41386096/,https://doi.org/10.1016/j.nut.2025.113026,,"Systematic review for the Italian national MD guidelines (autoimmune diseases including CD and UC). MD is associated with better quality of life and possibly lower CRP, and one cohort showed lower mortality in IBD. Certainty is low.",
6.21,Part 6,Is the Mediterranean Diet in Inflammatory Bowel Diseases Ready for Prime Time?,Godny L et al.,J Can Assoc Gastroenterol,2023,Review,10.1093/jcag/gwad041,https://pubmed.ncbi.nlm.nih.gov/38314171/,https://doi.org/10.1093/jcag/gwad041,https://pmc.ncbi.nlm.nih.gov/articles/PMC10836973/,"Narrative review: 'Is the MD in IBD ready for prime time?' It concludes that the current evidence may support integrating MD into IBD care, citing lower risk, clinical improvement, lower markers, better quality of life and lower mortality, while asking for phenotype-specific trials.",
6.22,Part 6,Diet and clinical remission in patients with inflammatory bowel disease: A multicenter cross-sectional study,Fontaine L et al.,Dig Liver Dis,2025,Multicenter Study,10.1016/j.dld.2025.12.001,https://pubmed.ncbi.nlm.nih.gov/41475902/,https://doi.org/10.1016/j.dld.2025.12.001,,"Cross-sectional study across 40 French and Belgian centres (2025). Higher MD adherence was associated with CD remission (aOR 1.39) but not UC remission. Fruit, coffee and salad intake were also associated with remission. Reverse causality is possible.",
6.23,Part 6,Dietary management in inflammatory bowel disease: A narrative review of the current evidence,Mosli MH,Saudi J Gastroenterol,2026,Journal article,10.4103/sjg.sjg_225_26,https://pubmed.ncbi.nlm.nih.gov/42804343/,https://doi.org/10.4103/sjg.sjg_225_26,,2026 narrative review anchored on the ECCO 2025 dietary consensus. No single IBD diet fits all. EEN or CDED+PEN for active CD; fibre linked to lower relapse; MD supports UC remission maintenance; do not routinely restrict fibre or dairy; limit UPF and red meat; monitor micronutrients.,"Practical, phase-specific summary showing where MD fits within the whole dietary toolbox."
